[
  {
    "id": 1,
    "image": "img/newborn/i1.webp",
    "name": "Baby",
    "price": 400,
    "description": "A delightful and comfortable baby outfit made from high-quality materials."
  },
  {
    "id": 2,
    "image": "img/newborn/onesies/o1.webp",
    "name": "Baby",
    "price": 400,
    "description": "A cute and cozy onesie for your baby, perfect for everyday wear."
  },
  {
    "id": 3,
    "image": "img/newborn/onesies/o2.jpg",
    "name": "Baby",
    "price": 400,
    "description": "A soft and breathable onesie that ensures your baby stays comfortable all day."
  },
  {
    "id": 4,
    "image": "img/newborn/onesies/o3.webp",
    "name": "Baby",
    "price": 400,
    "description": "An adorable onesie featuring a playful design, ideal for your little one."
  },
  {
    "id": 5,
    "image": "img/newborn/onesies/o4.jpg",
    "name": "Baby",
    "price": 400,
    "description": "A charming onesie crafted from gentle fabric, perfect for your baby's delicate skin."
  },
  {
    "id": 6,
    "image": "img/newborn/onesies/o5.avif",
    "name": "Baby",
    "price": 400,
    "description": "A stylish and comfortable onesie that your baby will love to wear."
  },
  {
    "id": 7,
    "image": "img/newborn/onesies/o7.jpg",
    "name": "Baby",
    "price": 400,
    "description": "A cute and practical onesie, easy to put on and take off."
  },
  {
    "id": 8,
    "image": "img/newborn/onesies/o8.webp",
    "name": "Baby",
    "price": 400,
    "description": "A lightweight and breathable onesie, perfect for warmer days."
  },
  {
    "id": 9,
    "image": "img/newborn/rompers/r1.jpg",
    "name": "Baby",
    "price": 400,
    "description": "A soft and comfortable romper, perfect for your newborn."
  },
  {
    "id": 10,
    "image": "img/newborn/rompers/r2.avif",
    "name": "Baby",
    "price": 400,
    "description": "An adorable romper made from high-quality fabric, ideal for your baby."
  },
  {
    "id": 11,
    "image": "img/newborn/rompers/r3.webp",
    "name": "Baby",
    "price": 400,
    "description": "A cute and stylish romper, perfect for any occasion."
  },
  {
    "id": 12,
    "image": "img/newborn/rompers/r4.jpg",
    "name": "Baby",
    "price": 400,
    "description": "A comfortable romper that keeps your baby warm and cozy."
  },
  {
    "id": 13,
    "image": "img/newborn/rompers/r5.jpg",
    "name": "Baby",
    "price": 400,
    "description": "A delightful romper with a fun design, perfect for your little one."
  },
  {
    "id": 14,
    "image": "img/newborn/rompers/r6.webp",
    "name": "Baby",
    "price": 400,
    "description": "A soft and breathable romper, perfect for everyday wear."
  },
  {
    "id": 15,
    "image": "img/newborn/rompers/r7.avif",
    "name": "Baby",
    "price": 400,
    "description": "A stylish romper that is both comfortable and durable."
  },
  {
    "id": 16,
    "image": "img/newborn/rompers/r9.webp",
    "name": "Baby",
    "price": 400,
    "description": "A charming romper made from gentle fabric, perfect for your baby's delicate skin."
  },
  {
    "id": 17,
    "image": "img/newborn/pajamas/p1.webp",
    "name": "Baby",
    "price": 400,
    "description": "A cozy pair of pajamas, perfect for your baby's bedtime."
  },
  {
    "id": 18,
    "image": "img/newborn/pajamas/p2.webp",
    "name": "Baby",
    "price": 400,
    "description": "A soft and comfortable pair of pajamas, ideal for a good night's sleep."
  },
  {
    "id": 19,
    "image": "img/newborn/pajamas/p3.jpg",
    "name": "Baby",
    "price": 400,
    "description": "A cute pair of pajamas that will keep your baby warm and cozy."
  },
  {
    "id": 20,
    "image": "img/newborn/pajamas/p4.webp",
    "name": "Baby",
    "price": 400,
    "description": "A lightweight and breathable pair of pajamas, perfect for warmer nights."
  },
  {
    "id": 21,
    "image": "img/newborn/pajamas/p5.jpg",
    "name": "Baby",
    "price": 400,
    "description": "A charming pair of pajamas with a fun design, perfect for your little one."
  }
]
